carrierID;carrierFleetSize;vehicleType;vehicle_Id;startLinkID;startLocation;endLinkID;endLocation;startTime;endTime;tripDistance;tripDuration;
cep17_carrier;1;cepVehicleType0;17_v0;2545;x=4597196,0:y=5810234,75;4765;x=4597974,0:y=5810165,5;10800;10979;1198;179;
cep17_carrier;1;cepVehicleType0;17_v0;4765;x=4597974,0:y=5810165,5;4839;x=4599101,0:y=5811021,75;11099;11412;2090,660166;313;
cep17_carrier;1;cepVehicleType0;17_v0;4839;x=4599101,0:y=5811021,75;4895;x=4600905,0:y=5810781,5;11532;11888;2380;356;
cep17_carrier;1;cepVehicleType0;17_v0;4895;x=4600905,0:y=5810781,5;2833;x=4597530,25:y=5811103,75;12008;12619;4073,422402;611;
cep17_carrier;1;cepVehicleType0;17_v0;2833;x=4597530,25:y=5811103,75;2762;x=4595374,5:y=5811183,0;12799;13196;2647;397;
cep17_carrier;1;cepVehicleType0;17_v0;2762;x=4595374,5:y=5811183,0;2544;x=4596649,75:y=5810097,0;13316;13642;2174,837672;326;
cep17_carrier;1;cepVehicleType0;17_v0;2544;x=4596649,75:y=5810097,0;2545;x=4597196,0:y=5810234,75;13762;13810;325;48;
cep9_carrier;1;cepVehicleType0;9_v0;1385;x=4589969,0:y=5818279,0;1386;x=4589969,0:y=5818279,0;10800;10800;0;0;
cep9_carrier;1;cepVehicleType0;9_v0;1386;x=4589969,0:y=5818279,0;1267;x=4588789,25:y=5819401,75;10920;11153;1556,058917;233;
cep9_carrier;1;cepVehicleType0;9_v0;1267;x=4588789,25:y=5819401,75;1639;x=4588044,0:y=5819942,0;11273;11436;1091,363846;163;
cep9_carrier;1;cepVehicleType0;9_v0;1639;x=4588044,0:y=5819942,0;28615;x=4588398,5:y=5819782,75;11556;11679;821,5625542;123;
cep9_carrier;1;cepVehicleType0;9_v0;28615;x=4588398,5:y=5819782,75;1690;x=4588678,0:y=5820089,5;11799;11865;441,0022727;66;
cep9_carrier;1;cepVehicleType0;9_v0;1690;x=4588678,0:y=5820089,5;1884;x=4588916,0:y=5820082,0;11985;12012;183;27;
cep9_carrier;1;cepVehicleType0;9_v0;1884;x=4588916,0:y=5820082,0;1241;x=4589423,25:y=5818641,5;12192;12474;1884,64844;282;
cep9_carrier;1;cepVehicleType0;9_v0;1241;x=4589423,25:y=5818641,5;2933;x=4591036,25:y=5818767,75;12594;12851;1713,502373;257;
cep9_carrier;1;cepVehicleType0;9_v0;2933;x=4591036,25:y=5818767,75;28496;x=4591912,0:y=5819367,5;12971;13166;1303,501851;195;
cep9_carrier;1;cepVehicleType0;9_v0;28496;x=4591912,0:y=5819367,5;28489;x=4592412,25:y=5819879,0;13286;13476;1273,221334;190;
cep9_carrier;1;cepVehicleType0;9_v0;28489;x=4592412,25:y=5819879,0;1837;x=4590134,0:y=5820209,75;13596;14000;2697,253826;404;
cep9_carrier;1;cepVehicleType0;9_v0;1837;x=4590134,0:y=5820209,75;1385;x=4589969,0:y=5818279,0;14120;14378;1726,524974;258;
cep8_carrier;1;cepVehicleType0;8_v0;1943;x=4589631,0:y=5823784,75;3635;x=4591427,25:y=5824671,5;10800;11067;1782,36557;267;
cep8_carrier;1;cepVehicleType0;8_v0;3635;x=4591427,25:y=5824671,5;3631;x=4591913,5:y=5824261,5;11187;11336;996,199769;149;
cep8_carrier;1;cepVehicleType0;8_v0;3631;x=4591913,5:y=5824261,5;1943;x=4589631,0:y=5823784,75;11456;11985;3529,29305;529;
cep30_carrier;1;cepVehicleType0;30_v0;16165;x=4621081,0:y=5818510,5;6531;x=4617368,0:y=5812241,5;10800;12243;18272;1443;
cep30_carrier;1;cepVehicleType0;30_v0;6531;x=4617368,0:y=5812241,5;16165;x=4621081,0:y=5818510,5;12363;13549;7909;1186;
cep16_carrier;1;cepVehicleType0;16_v0;4504;x=4595822,5:y=5827099,25;4554;x=4596448,75:y=5827286,75;10800;10941;946,1766013;141;
cep16_carrier;1;cepVehicleType0;16_v0;4554;x=4596448,75:y=5827286,75;28081;x=4596465,0:y=5831374,5;11061;11878;7821,719258;817;
cep16_carrier;1;cepVehicleType0;16_v0;28081;x=4596465,0:y=5831374,5;4426;x=4593558,25:y=5826705,0;11998;13069;7144,558687;1071;
cep16_carrier;1;cepVehicleType0;16_v0;4426;x=4593558,25:y=5826705,0;4411;x=4594051,0:y=5825816,25;13189;13401;1416;212;
cep16_carrier;1;cepVehicleType0;16_v0;4411;x=4594051,0:y=5825816,25;4455;x=4594235,0:y=5825628,25;13521;13572;342;51;
cep16_carrier;1;cepVehicleType0;16_v0;4455;x=4594235,0:y=5825628,25;6950;x=4594612,75:y=5824501,5;13692;14044;2352,305764;352;
cep16_carrier;1;cepVehicleType0;16_v0;6950;x=4594612,75:y=5824501,5;28598;x=4595240,75:y=5823910,25;14164;14331;1115;167;
cep16_carrier;1;cepVehicleType0;16_v0;28598;x=4595240,75:y=5823910,25;4537;x=4596804,5:y=5825340,0;14451;14767;2108,883276;316;
cep16_carrier;1;cepVehicleType0;16_v0;4537;x=4596804,5:y=5825340,0;28696;x=4595846,75:y=5825475,25;14887;15077;1267,782612;190;
cep16_carrier;1;cepVehicleType0;16_v0;28696;x=4595846,75:y=5825475,25;4504;x=4595822,5:y=5827099,25;15197;15427;1538,351381;230;
cep15_carrier;1;cepVehicleType0;15_v0;2777;x=4595236,5:y=5814450,5;2698;x=4593888,75:y=5814492,5;10800;11009;1399,360543;209;
cep15_carrier;1;cepVehicleType0;15_v0;2698;x=4593888,75:y=5814492,5;2772;x=4595096,75:y=5812988,75;11129;11555;2841,808731;426;
cep15_carrier;1;cepVehicleType0;15_v0;2772;x=4595096,75:y=5812988,75;2777;x=4595236,5:y=5814450,5;11675;11939;1761,5324;264;
cep20_carrier;1;cepVehicleType0;20_v0;4867;x=4598704,0:y=5814518,0;4908;x=4600874,0:y=5811455,25;10800;11398;3991,4073;598;
cep20_carrier;1;cepVehicleType0;20_v0;4908;x=4600874,0:y=5811455,25;4916;x=4601025,0:y=5811965,75;11518;11573;372;55;
cep20_carrier;1;cepVehicleType0;20_v0;4916;x=4601025,0:y=5811965,75;7441;x=4599826,25:y=5814440,25;11693;12446;5022,096264;753;
cep20_carrier;1;cepVehicleType0;20_v0;7441;x=4599826,25:y=5814440,25;4867;x=4598704,0:y=5814518,0;12566;12665;663;99;
cep3_carrier;1;cepVehicleType0;3_v0;8398;x=4588888,5:y=5816978,0;1163;x=4588306,0:y=5818339,75;10800;10992;1282,319831;192;
cep3_carrier;1;cepVehicleType0;3_v0;1163;x=4588306,0:y=5818339,75;1229;x=4589365,75:y=5817224,75;11112;11400;1924,844989;288;
cep3_carrier;1;cepVehicleType0;3_v0;1229;x=4589365,75:y=5817224,75;872;x=4589661,0:y=5815013,75;11520;11884;2426,790969;364;
cep3_carrier;1;cepVehicleType0;3_v0;872;x=4589661,0:y=5815013,75;8034;x=4588936,25:y=5815944,75;12004;12236;1550,585172;232;
cep3_carrier;1;cepVehicleType0;3_v0;8034;x=4588936,25:y=5815944,75;6833;x=4588945,25:y=5816749,75;12356;12437;543;81;
cep3_carrier;1;cepVehicleType0;3_v0;6833;x=4588945,25:y=5816749,75;8398;x=4588888,5:y=5816978,0;12557;12590;222;33;
cep2_carrier;1;cepVehicleType0;2_v0;1086;x=4587534,5:y=5816893,5;1073;x=4587917,0:y=5816525,0;10800;10932;885,4395757;132;
cep2_carrier;1;cepVehicleType0;2_v0;1073;x=4587917,0:y=5816525,0;699;x=4587897,0:y=5811220,5;11052;12029;6518,122304;977;
cep2_carrier;1;cepVehicleType0;2_v0;699;x=4587897,0:y=5811220,5;655;x=4586943,5:y=5811813,5;12149;12291;947,5575361;142;
cep2_carrier;1;cepVehicleType0;2_v0;655;x=4586943,5:y=5811813,5;615;x=4586496,0:y=5812396,25;12411;12529;790,2255918;118;
cep2_carrier;1;cepVehicleType0;2_v0;615;x=4586496,0:y=5812396,25;625;x=4586428,25:y=5812841,75;12649;12649;0;0;
cep2_carrier;1;cepVehicleType0;2_v0;625;x=4586428,25:y=5812841,75;1027;x=4587055,0:y=5816541,0;12769;13250;3212,525611;481;
cep2_carrier;1;cepVehicleType0;2_v0;1027;x=4587055,0:y=5816541,0;1008;x=4586254,5:y=5818844,0;13370;13911;3610,060554;541;
cep2_carrier;1;cepVehicleType0;2_v0;1008;x=4586254,5:y=5818844,0;1029;x=4586426,0:y=5817172,0;14031;14432;2676,462431;401;
cep2_carrier;1;cepVehicleType0;2_v0;1029;x=4586426,0:y=5817172,0;1085;x=4587534,5:y=5816893,5;14552;14680;859;128;
cep2_carrier;1;cepVehicleType0;2_v0;1085;x=4587534,5:y=5816893,5;1086;x=4587534,5:y=5816893,5;14800;14800;0;0;
cep19_carrier;1;cepVehicleType0;19_v0;5323;x=4598544,5:y=5820962,5;28386;x=4599159,0:y=5820568,75;10800;10894;632,6198455;94;
cep19_carrier;1;cepVehicleType0;19_v0;28386;x=4599159,0:y=5820568,75;5381;x=4599258,5:y=5821337,5;11014;11155;940,0901306;141;
cep19_carrier;1;cepVehicleType0;19_v0;5381;x=4599258,5:y=5821337,5;28416;x=4599980,25:y=5821839,5;11275;11395;801,6012048;120;
cep19_carrier;1;cepVehicleType0;19_v0;28416;x=4599980,25:y=5821839,5;5460;x=4600942,0:y=5821894,75;11515;11677;1081;162;
cep19_carrier;1;cepVehicleType0;19_v0;5460;x=4600942,0:y=5821894,75;5448;x=4601051,0:y=5820961,0;11797;11895;655;98;
cep19_carrier;1;cepVehicleType0;19_v0;5448;x=4601051,0:y=5820961,0;3549;x=4600293,25:y=5819824,5;12015;12357;2283,649948;342;
cep19_carrier;1;cepVehicleType0;19_v0;3549;x=4600293,25:y=5819824,5;7029;x=4600733,0:y=5819543,25;12477;12565;591;88;
cep19_carrier;1;cepVehicleType0;19_v0;7029;x=4600733,0:y=5819543,25;5121;x=4599402,5:y=5819343,25;12685;13016;2210,846875;331;
cep19_carrier;1;cepVehicleType0;19_v0;5121;x=4599402,5:y=5819343,25;28403;x=4598742,5:y=5819653,0;13136;13242;711,1973299;106;
cep19_carrier;1;cepVehicleType0;19_v0;28403;x=4598742,5:y=5819653,0;3525;x=4597536,75:y=5819488,25;13362;13574;1417,50766;212;
cep19_carrier;1;cepVehicleType0;19_v0;3525;x=4597536,75:y=5819488,25;5056;x=4597370,25:y=5818952,0;13694;13954;1735,298781;260;
cep19_carrier;1;cepVehicleType0;19_v0;5056;x=4597370,25:y=5818952,0;28353;x=4596859,25:y=5819460,0;14074;14172;655,1929972;98;
cep19_carrier;1;cepVehicleType0;19_v0;28353;x=4596859,25:y=5819460,0;3403;x=4596040,5:y=5819817,5;14292;14383;613;91;
cep19_carrier;1;cepVehicleType0;19_v0;3403;x=4596040,5:y=5819817,5;3287;x=4595386,0:y=5819283,5;14503;14672;1132,036175;169;
cep19_carrier;1;cepVehicleType0;19_v0;3287;x=4595386,0:y=5819283,5;3297;x=4595905,25:y=5818436,0;14792;14979;1249,056299;187;
cep19_carrier;1;cepVehicleType0;19_v0;3297;x=4595905,25:y=5818436,0;3379;x=4596715,25:y=5818660,75;15099;15364;1769;265;
cep19_carrier;1;cepVehicleType0;19_v0;3379;x=4596715,25:y=5818660,75;3408;x=4596269,25:y=5819344,25;15484;15584;668,5964998;100;
cep19_carrier;1;cepVehicleType0;19_v0;3408;x=4596269,25:y=5819344,25;3522;x=4596580,75:y=5820132,5;15704;15894;1269,680132;190;
cep19_carrier;1;cepVehicleType0;19_v0;3522;x=4596580,75:y=5820132,5;28364;x=4597351,0:y=5821409,75;16014;16240;1512,617139;226;
cep19_carrier;1;cepVehicleType0;19_v0;28364;x=4597351,0:y=5821409,75;4035;x=4595824,0:y=5822525,0;16360;16658;1990,272211;298;
cep19_carrier;1;cepVehicleType0;19_v0;4035;x=4595824,0:y=5822525,0;28328;x=4596288,75:y=5822940,75;16778;16888;734;110;
cep19_carrier;1;cepVehicleType0;19_v0;28328;x=4596288,75:y=5822940,75;4203;x=4596666,0:y=5823643,75;17008;17096;591,4308738;88;
cep19_carrier;1;cepVehicleType0;19_v0;4203;x=4596666,0:y=5823643,75;5357;x=4598089,5:y=5823881,0;17216;17422;1373,570916;206;
cep19_carrier;1;cepVehicleType0;19_v0;5357;x=4598089,5:y=5823881,0;5408;x=4599877,75:y=5823451,5;17542;17914;2486,460494;372;
cep19_carrier;1;cepVehicleType0;19_v0;5408;x=4599877,75:y=5823451,5;5396;x=4598966,25:y=5822115,0;18034;18237;1357,069454;203;
cep19_carrier;1;cepVehicleType0;19_v0;5396;x=4598966,25:y=5822115,0;5270;x=4597966,5:y=5820958,75;18357;18631;1828,861595;274;
cep19_carrier;1;cepVehicleType0;19_v0;5270;x=4597966,5:y=5820958,75;5323;x=4598544,5:y=5820962,5;18751;18798;315,1765378;47;
cep21_carrier;1;cepVehicleType0;21_v0;5079;x=4599139,5:y=5816042,75;3434;x=4597544,5:y=5815791,0;10800;11031;1544;231;
cep21_carrier;1;cepVehicleType0;21_v0;3434;x=4597544,5:y=5815791,0;3367;x=4597067,25:y=5817389,25;11151;11441;1934,623904;290;
cep21_carrier;1;cepVehicleType0;21_v0;3367;x=4597067,25:y=5817389,25;3499;x=4597572,5:y=5817759,5;11561;11671;737,1796541;110;
cep21_carrier;1;cepVehicleType0;21_v0;3499;x=4597572,5:y=5817759,5;5032;x=4597884,25:y=5816877,25;11791;11893;685,9489108;102;
cep21_carrier;1;cepVehicleType0;21_v0;5032;x=4597884,25:y=5816877,25;5029;x=4598426,0:y=5816231,0;12013;12078;437;65;
cep21_carrier;1;cepVehicleType0;21_v0;5029;x=4598426,0:y=5816231,0;28050;x=4600883,0:y=5816046,75;12198;12587;2598,644999;389;
cep21_carrier;1;cepVehicleType0;21_v0;28050;x=4600883,0:y=5816046,75;28054;x=4601037,5:y=5815578,25;12707;12790;557,0344915;83;
cep21_carrier;1;cepVehicleType0;21_v0;28054;x=4601037,5:y=5815578,25;5721;x=4602969,0:y=5816165,25;12910;13301;2608,257376;391;
cep21_carrier;1;cepVehicleType0;21_v0;5721;x=4602969,0:y=5816165,25;4923;x=4599963,75:y=5815454,25;13421;13966;3634,400389;545;
cep21_carrier;1;cepVehicleType0;21_v0;4923;x=4599963,75:y=5815454,25;5079;x=4599139,5:y=5816042,75;14086;14160;497;74;
cep1_carrier;1;cepVehicleType0;1_v0;1564;x=4586121,75:y=5822785,0;403;x=4584171,0:y=5822191,5;10800;11556;5043,389912;756;
cep1_carrier;1;cepVehicleType0;1_v0;403;x=4584171,0:y=5822191,5;351;x=4583327,25:y=5820242,0;11676;12297;4145;621;
cep1_carrier;1;cepVehicleType0;1_v0;351;x=4583327,25:y=5820242,0;187;x=4580382,5:y=5820567,0;12417;13014;3984,051338;597;
cep1_carrier;1;cepVehicleType0;1_v0;187;x=4580382,5:y=5820567,0;207;x=4580219,5:y=5822360,5;13134;13431;1985;297;
cep1_carrier;1;cepVehicleType0;1_v0;207;x=4580219,5:y=5822360,5;441;x=4578904,5:y=5824419,5;13551;13966;2770,185643;415;
cep1_carrier;1;cepVehicleType0;1_v0;441;x=4578904,5:y=5824419,5;432;x=4578746,0:y=5824987,5;14086;14086;0;0;
cep1_carrier;1;cepVehicleType0;1_v0;432;x=4578746,0:y=5824987,5;432;x=4578746,0:y=5824987,5;14206;14206;0;0;
cep1_carrier;1;cepVehicleType0;1_v0;432;x=4578746,0:y=5824987,5;6594;x=4580706,25:y=5824847,25;14326;14787;3074,996833;461;
cep1_carrier;1;cepVehicleType0;1_v0;6594;x=4580706,25:y=5824847,25;6596;x=4581210,0:y=5824555,0;14907;15052;969,0550373;145;
cep1_carrier;1;cepVehicleType0;1_v0;6596;x=4581210,0:y=5824555,0;467;x=4582043,75:y=5825938,0;15172;15452;1868,140265;280;
cep1_carrier;1;cepVehicleType0;1_v0;467;x=4582043,75:y=5825938,0;469;x=4582078,0:y=5826292,0;15572;15572;0;0;
cep1_carrier;1;cepVehicleType0;1_v0;469;x=4582078,0:y=5826292,0;6572;x=4581678,0:y=5826347,5;15692;15692;0;0;
cep1_carrier;1;cepVehicleType0;1_v0;6572;x=4581678,0:y=5826347,5;333;x=4581702,5:y=5824375,5;15812;16135;2158,140265;323;
cep1_carrier;1;cepVehicleType0;1_v0;333;x=4581702,5:y=5824375,5;334;x=4581702,5:y=5824375,5;16255;16255;0;0;
cep1_carrier;1;cepVehicleType0;1_v0;334;x=4581702,5:y=5824375,5;1564;x=4586121,75:y=5822785,0;16375;17169;5298,778345;794;
cep18_carrier;1;cepVehicleType0;18_v0;2851;x=4597104,75:y=5814199,5;3348;x=4596887,5:y=5815651,5;10800;11152;2347,907254;352;
cep18_carrier;1;cepVehicleType0;18_v0;3348;x=4596887,5:y=5815651,5;3359;x=4597134,5:y=5815949,0;11272;11349;514,0226405;77;
cep18_carrier;1;cepVehicleType0;18_v0;3359;x=4597134,5:y=5815949,0;4829;x=4598121,0:y=5813620,25;11469;11841;2484,432673;372;
cep18_carrier;1;cepVehicleType0;18_v0;4829;x=4598121,0:y=5813620,25;4843;x=4599228,5:y=5812116,5;11961;12335;2497,181119;374;
cep18_carrier;1;cepVehicleType0;18_v0;4843;x=4599228,5:y=5812116,5;4819;x=4598432,25:y=5812512,0;12455;12543;591;88;
cep18_carrier;1;cepVehicleType0;18_v0;4819;x=4598432,25:y=5812512,0;2851;x=4597104,75:y=5814199,5;12663;13118;3035,141332;455;
cep24_carrier;1;cepVehicleType0;24_v0;5711;x=4602766,5:y=5825316,75;28145;x=4603091,0:y=5825477,0;10800;10800;0;0;
cep24_carrier;1;cepVehicleType0;24_v0;28145;x=4603091,0:y=5825477,0;7115;x=4606333,75:y=5827713,75;10920;11601;4543,383685;681;
cep24_carrier;1;cepVehicleType0;24_v0;7115;x=4606333,75:y=5827713,75;5673;x=4601807,75:y=5824904,0;11721;12629;6058,250354;908;
cep24_carrier;1;cepVehicleType0;24_v0;5673;x=4601807,75:y=5824904,0;5711;x=4602766,5:y=5825316,75;12749;12864;768,0481779;115;
cep0_carrier;2;cepVehicleType0;0_v1;21887;x=4581188,25:y=5809042,5;28;x=4578662,0:y=5810158,0;10800;11388;5191,114888;588;
cep0_carrier;2;cepVehicleType0;0_v1;28;x=4578662,0:y=5810158,0;7;x=4576964,5:y=5809802,0;11508;11794;1908;286;
cep0_carrier;2;cepVehicleType0;0_v1;7;x=4576964,5:y=5809802,0;5;x=4575958,25:y=5809611,0;11914;12105;1277;191;
cep0_carrier;2;cepVehicleType0;0_v1;5;x=4575958,25:y=5809611,0;3;x=4574933,5:y=5809507,75;12285;12285;0;0;
cep0_carrier;2;cepVehicleType0;0_v1;3;x=4574933,5:y=5809507,75;9161;x=4575703,75:y=5812186,5;12405;14498;14583,10702;2093;
cep0_carrier;2;cepVehicleType0;0_v1;9161;x=4575703,75:y=5812186,5;153;x=4576928,0:y=5813292,5;14618;14866;1655;248;
cep0_carrier;2;cepVehicleType0;0_v1;153;x=4576928,0:y=5813292,5;25;x=4577683,5:y=5813905,0;14986;15234;1655;248;
cep0_carrier;2;cepVehicleType0;0_v1;25;x=4577683,5:y=5813905,0;25;x=4577683,5:y=5813905,0;15354;15354;0;0;
cep0_carrier;2;cepVehicleType0;0_v1;25;x=4577683,5:y=5813905,0;25;x=4577683,5:y=5813905,0;15474;15474;0;0;
cep0_carrier;2;cepVehicleType0;0_v1;25;x=4577683,5:y=5813905,0;33;x=4578511,0:y=5814679,5;15654;15666;86,02325267;12;
cep0_carrier;2;cepVehicleType0;0_v1;33;x=4578511,0:y=5814679,5;131;x=4579527,0:y=5815823,5;15786;15786;0;0;
cep0_carrier;2;cepVehicleType0;0_v1;131;x=4579527,0:y=5815823,5;34;x=4578511,0:y=5814679,5;15966;16162;1310,009542;196;
cep0_carrier;2;cepVehicleType0;0_v1;34;x=4578511,0:y=5814679,5;34;x=4578511,0:y=5814679,5;16282;16282;0;0;
cep0_carrier;2;cepVehicleType0;0_v1;34;x=4578511,0:y=5814679,5;34;x=4578511,0:y=5814679,5;16402;16402;0;0;
cep0_carrier;2;cepVehicleType0;0_v1;34;x=4578511,0:y=5814679,5;34;x=4578511,0:y=5814679,5;16522;16522;0;0;
cep0_carrier;2;cepVehicleType0;0_v1;34;x=4578511,0:y=5814679,5;41;x=4578049,5:y=5818473,5;16642;17170;3526,400791;528;
cep0_carrier;2;cepVehicleType0;0_v1;41;x=4578049,5:y=5818473,5;21716;x=4575400,0:y=5816192,25;17290;18088;5320,064429;798;
cep0_carrier;2;cepVehicleType0;0_v1;21716;x=4575400,0:y=5816192,25;9145;x=4573642,25:y=5809094,75;18268;19756;11607,3784;1488;
cep0_carrier;2;cepVehicleType0;0_v1;9145;x=4573642,25:y=5809094,75;4;x=4574933,5:y=5809507,75;19876;19932;378;56;
cep0_carrier;2;cepVehicleType0;0_v1;4;x=4574933,5:y=5809507,75;7;x=4576964,5:y=5809802,0;20052;20167;773;115;
cep0_carrier;2;cepVehicleType0;0_v1;7;x=4576964,5:y=5809802,0;7;x=4576964,5:y=5809802,0;20287;20287;0;0;
cep0_carrier;2;cepVehicleType0;0_v1;7;x=4576964,5:y=5809802,0;8;x=4576964,5:y=5809802,0;20407;20407;0;0;
cep0_carrier;2;cepVehicleType0;0_v1;8;x=4576964,5:y=5809802,0;27;x=4578662,0:y=5810158,0;20587;20873;1908;286;
cep0_carrier;2;cepVehicleType0;0_v1;27;x=4578662,0:y=5810158,0;27;x=4578662,0:y=5810158,0;20993;20993;0;0;
cep0_carrier;2;cepVehicleType0;0_v1;27;x=4578662,0:y=5810158,0;55;x=4579584,0:y=5810259,5;21113;21113;0;0;
cep0_carrier;2;cepVehicleType0;0_v1;55;x=4579584,0:y=5810259,5;55;x=4579584,0:y=5810259,5;21293;21293;0;0;
cep0_carrier;2;cepVehicleType0;0_v1;55;x=4579584,0:y=5810259,5;55;x=4579584,0:y=5810259,5;21413;21413;0;0;
cep0_carrier;2;cepVehicleType0;0_v1;55;x=4579584,0:y=5810259,5;55;x=4579584,0:y=5810259,5;21533;21533;0;0;
cep0_carrier;2;cepVehicleType0;0_v1;55;x=4579584,0:y=5810259,5;55;x=4579584,0:y=5810259,5;21653;21653;0;0;
cep0_carrier;2;cepVehicleType0;0_v1;55;x=4579584,0:y=5810259,5;21887;x=4581188,25:y=5809042,5;21833;22104;1813;271;
cep22_carrier;1;cepVehicleType0;22_v0;5624;x=4599357,0:y=5826722,75;5577;x=4598025,0:y=5828070,5;10800;11140;2270,25327;340;
cep22_carrier;1;cepVehicleType0;22_v0;5577;x=4598025,0:y=5828070,5;5777;x=4599288,25:y=5832398,0;11260;12052;5280,382345;792;
cep22_carrier;1;cepVehicleType0;22_v0;5777;x=4599288,25:y=5832398,0;5809;x=4601562,0:y=5834477,5;12172;12866;4627,28531;694;
cep22_carrier;1;cepVehicleType0;22_v0;5809;x=4601562,0:y=5834477,5;5699;x=4602187,0:y=5828025,25;12986;14328;8948,206475;1342;
cep22_carrier;1;cepVehicleType0;22_v0;5699;x=4602187,0:y=5828025,25;5641;x=4600143,5:y=5825737,5;14448;15151;4689,762816;703;
cep22_carrier;1;cepVehicleType0;22_v0;5641;x=4600143,5:y=5825737,5;5609;x=4599623,0:y=5824959,0;15271;15507;1573,779512;236;
cep22_carrier;1;cepVehicleType0;22_v0;5609;x=4599623,0:y=5824959,0;6672;x=4598676,25:y=5824835,0;15627;15737;738,4945829;110;
cep22_carrier;1;cepVehicleType0;22_v0;6672;x=4598676,25:y=5824835,0;4567;x=4597567,25:y=5824912,5;15857;16054;1318,304693;197;
cep22_carrier;1;cepVehicleType0;22_v0;4567;x=4597567,25:y=5824912,5;5585;x=4598796,0:y=5825007,0;16174;16317;954;143;
cep22_carrier;1;cepVehicleType0;22_v0;5585;x=4598796,0:y=5825007,0;5624;x=4599357,0:y=5826722,75;16437;16764;2186,076837;327;
cep25_carrier;1;cepVehicleType0;25_v0;6154;x=4603804,75:y=5823804,0;6165;x=4605196,0:y=5823435,5;10800;11152;2352,006868;352;
cep25_carrier;1;cepVehicleType0;25_v0;6165;x=4605196,0:y=5823435,5;6202;x=4605850,5:y=5823671,75;11272;11337;439;65;
cep25_carrier;1;cepVehicleType0;25_v0;6202;x=4605850,5:y=5823671,75;6200;x=4606087,0:y=5824158,0;11457;11561;694;104;
cep25_carrier;1;cepVehicleType0;25_v0;6200;x=4606087,0:y=5824158,0;6170;x=4605548,0:y=5823457,75;11681;11739;391;58;
cep25_carrier;1;cepVehicleType0;25_v0;6170;x=4605548,0:y=5823457,75;6140;x=4604891,5:y=5822552,0;11859;11990;880;131;
cep25_carrier;1;cepVehicleType0;25_v0;6140;x=4604891,5:y=5822552,0;5505;x=4601850,0:y=5821474,5;12110;12911;5341,606175;801;
cep25_carrier;1;cepVehicleType0;25_v0;5505;x=4601850,0:y=5821474,5;6154;x=4603804,75:y=5823804,0;13031;13671;4273,332598;640;
cep10_carrier;1;cepVehicleType0;10_v0;2126;x=4589404,5:y=5829052,0;523;x=4583650,25:y=5832904,5;10800;12060;8406,239915;1260;
cep10_carrier;1;cepVehicleType0;10_v0;523;x=4583650,25:y=5832904,5;2323;x=4588955,75:y=5833256,25;12180;13242;7084,225857;1062;
cep10_carrier;1;cepVehicleType0;10_v0;2323;x=4588955,75:y=5833256,25;2186;x=4590462,25:y=5828100,0;13362;14215;5690,309693;853;
cep10_carrier;1;cepVehicleType0;10_v0;2186;x=4590462,25:y=5828100,0;2126;x=4589404,5:y=5829052,0;14335;14690;2373;355;
cep23_carrier;1;cepVehicleType0;23_v0;5535;x=4602671,5:y=5824395,5;5521;x=4601558,0:y=5824669,0;10800;11011;1407,172723;211;
cep23_carrier;1;cepVehicleType0;23_v0;5521;x=4601558,0:y=5824669,0;5435;x=4600570,5:y=5823274,0;11131;11486;2367,723585;355;
cep23_carrier;1;cepVehicleType0;23_v0;5435;x=4600570,5:y=5823274,0;5519;x=4601852,0:y=5823605,5;11606;11756;1001;150;
cep23_carrier;1;cepVehicleType0;23_v0;5519;x=4601852,0:y=5823605,5;5535;x=4602671,5:y=5824395,5;11876;12193;2115,120613;317;
cep13_carrier;1;cepVehicleType0;13_v0;3057;x=4593219,5:y=5815393,75;7963;x=4591083,25:y=5815824,75;10800;11298;3322,418557;498;
cep13_carrier;1;cepVehicleType0;13_v0;7963;x=4591083,25:y=5815824,75;7014;x=4590494,0:y=5814715,0;11418;11692;1830,291983;274;
cep13_carrier;1;cepVehicleType0;13_v0;7014;x=4590494,0:y=5814715,0;1451;x=4590993,5:y=5816428,5;11812;12148;2243,353749;336;
cep13_carrier;1;cepVehicleType0;13_v0;1451;x=4590993,5:y=5816428,5;3109;x=4593616,5:y=5818370,0;12268;12843;3839,885994;575;
cep13_carrier;1;cepVehicleType0;13_v0;3109;x=4593616,5:y=5818370,0;3262;x=4594649,5:y=5818265,0;12963;13138;1167,28289;175;
cep13_carrier;1;cepVehicleType0;13_v0;3262;x=4594649,5:y=5818265,0;3299;x=4595467,5:y=5818496,0;13258;13466;1388,254069;208;
cep13_carrier;1;cepVehicleType0;13_v0;3299;x=4595467,5:y=5818496,0;3256;x=4594523,0:y=5818605,5;13586;13710;831,2904292;124;
cep13_carrier;1;cepVehicleType0;13_v0;3256;x=4594523,0:y=5818605,5;3166;x=4594057,75:y=5817558,5;13830;13975;969,5;145;
cep13_carrier;1;cepVehicleType0;13_v0;3166;x=4594057,75:y=5817558,5;3154;x=4593804,5:y=5817253,25;14095;14095;0;0;
cep13_carrier;1;cepVehicleType0;13_v0;3154;x=4593804,5:y=5817253,25;3061;x=4593716,5:y=5815423,75;14215;14513;1992,184394;298;
cep13_carrier;1;cepVehicleType0;13_v0;3061;x=4593716,5:y=5815423,75;2697;x=4593888,75:y=5814492,5;14633;14818;1234,070467;185;
cep13_carrier;1;cepVehicleType0;13_v0;2697;x=4593888,75:y=5814492,5;3057;x=4593219,5:y=5815393,75;14938;15186;1660;248;
cep14_carrier;1;cepVehicleType0;14_v0;2673;x=4593275,0:y=5813307,5;2689;x=4593315,25:y=5814143,5;10800;10927;851,6212686;127;
cep14_carrier;1;cepVehicleType0;14_v0;2689;x=4593315,25:y=5814143,5;2747;x=4594018,5:y=5814085,0;11047;11189;952,0222437;142;
cep14_carrier;1;cepVehicleType0;14_v0;2747;x=4594018,5:y=5814085,0;2696;x=4593408,25:y=5814482,0;11309;11388;530;79;
cep14_carrier;1;cepVehicleType0;14_v0;2696;x=4593408,25:y=5814482,0;906;x=4590172,5:y=5813655,5;11508;12155;4315,161546;647;
cep14_carrier;1;cepVehicleType0;14_v0;906;x=4590172,5:y=5813655,5;835;x=4589496,5:y=5812339,0;12275;12502;1520;227;
cep14_carrier;1;cepVehicleType0;14_v0;835;x=4589496,5:y=5812339,0;699;x=4587897,0:y=5811220,5;12622;12978;2374;356;
cep14_carrier;1;cepVehicleType0;14_v0;699;x=4587897,0:y=5811220,5;848;x=4589588,25:y=5812815,25;13098;13499;2678,87322;401;
cep14_carrier;1;cepVehicleType0;14_v0;848;x=4589588,25:y=5812815,25;955;x=4591303,5:y=5812906,0;13619;13942;2154,466197;323;
cep14_carrier;1;cepVehicleType0;14_v0;955;x=4591303,5:y=5812906,0;2552;x=4591692,25:y=5812018,25;14062;14133;474,3429637;71;
cep14_carrier;1;cepVehicleType0;14_v0;2552;x=4591692,25:y=5812018,25;2551;x=4591692,25:y=5812018,25;14253;14253;0;0;
cep14_carrier;1;cepVehicleType0;14_v0;2551;x=4591692,25:y=5812018,25;2647;x=4593664,25:y=5810650,0;14373;14869;3312,0154;496;
cep14_carrier;1;cepVehicleType0;14_v0;2647;x=4593664,25:y=5810650,0;2673;x=4593275,0:y=5813307,5;14989;15423;2896,500411;434;
cep11_carrier;1;cepVehicleType0;11_v0;1910;x=4589830,0:y=5822488,0;1923;x=4590257,75:y=5822933,5;10800;10901;677,1095155;101;
cep11_carrier;1;cepVehicleType0;11_v0;1923;x=4590257,75:y=5822933,5;3607;x=4591886,75:y=5823134,75;11021;11292;1809,208914;271;
cep11_carrier;1;cepVehicleType0;11_v0;3607;x=4591886,75:y=5823134,75;3625;x=4591771,0:y=5823955,5;11412;11611;1328,916092;199;
cep11_carrier;1;cepVehicleType0;11_v0;3625;x=4591771,0:y=5823955,5;1997;x=4590859,75:y=5822338,0;11731;12097;2442,498723;366;
cep11_carrier;1;cepVehicleType0;11_v0;1997;x=4590859,75:y=5822338,0;1908;x=4590491,0:y=5821841,75;12217;12393;1178,237218;176;
cep11_carrier;1;cepVehicleType0;11_v0;1908;x=4590491,0:y=5821841,75;1727;x=4588322,75:y=5821900,75;12513;12859;2309,908463;346;
cep11_carrier;1;cepVehicleType0;11_v0;1727;x=4588322,75:y=5821900,75;1910;x=4589830,0:y=5822488,0;12979;13276;1985,676387;297;
cep28_carrier;1;cepVehicleType0;28_v0;15911;x=4611757,75:y=5821071,75;6306;x=4608589,25:y=5823616,25;10800;11419;4127,494875;619;
cep28_carrier;1;cepVehicleType0;28_v0;6306;x=4608589,25:y=5823616,25;6307;x=4608907,0:y=5824382,0;11539;11717;1187,100075;178;
cep28_carrier;1;cepVehicleType0;28_v0;6307;x=4608907,0:y=5824382,0;6407;x=4609460,75:y=5824215,0;11897;11983;575;86;
cep28_carrier;1;cepVehicleType0;28_v0;6407;x=4609460,75:y=5824215,0;6407;x=4609460,75:y=5824215,0;12103;12103;0;0;
cep28_carrier;1;cepVehicleType0;28_v0;6407;x=4609460,75:y=5824215,0;6405;x=4610277,5:y=5823118,25;12283;12469;1242,404124;186;
cep28_carrier;1;cepVehicleType0;28_v0;6405;x=4610277,5:y=5823118,25;6378;x=4609407,25:y=5819005,75;12589;13153;3766,103476;564;
cep28_carrier;1;cepVehicleType0;28_v0;6378;x=4609407,25:y=5819005,75;15911;x=4611757,75:y=5821071,75;13273;13774;3853,725336;501;
cep6_carrier;1;cepVehicleType0;6_v0;2101;x=4588978,75:y=5827918,75;8044;x=4585950,25:y=5830954,75;10800;11329;3527,465593;529;
cep6_carrier;1;cepVehicleType0;6_v0;8044;x=4585950,25:y=5830954,75;2041;x=4587467,0:y=5827728,5;11449;12468;6799,049593;1019;
cep6_carrier;1;cepVehicleType0;6_v0;2041;x=4587467,0:y=5827728,5;2101;x=4588978,75:y=5827918,75;12648;12835;1246,811544;187;
cep26_carrier;1;cepVehicleType0;26_v0;6162;x=4604966,25:y=5821207,0;6084;x=4606154,5:y=5819516,25;10800;11119;2128,366603;319;
cep26_carrier;1;cepVehicleType0;26_v0;6084;x=4606154,5:y=5819516,25;5243;x=4602971,0:y=5819011,25;11239;12286;6986,273464;1047;
cep26_carrier;1;cepVehicleType0;26_v0;5243;x=4602971,0:y=5819011,25;5242;x=4602689,25:y=5819180,0;12406;12441;236,1297313;35;
cep26_carrier;1;cepVehicleType0;26_v0;5242;x=4602689,25:y=5819180,0;5198;x=4602200,0:y=5819836,5;12561;12709;987;148;
cep26_carrier;1;cepVehicleType0;26_v0;5198;x=4602200,0:y=5819836,5;6140;x=4604891,5:y=5822552,0;12829;13502;4488,449309;673;
cep26_carrier;1;cepVehicleType0;26_v0;6140;x=4604891,5:y=5822552,0;6162;x=4604966,25:y=5821207,0;13622;13806;1227;184;
cep27_carrier;1;cepVehicleType0;27_v0;5974;x=4607023,0:y=5812267,5;5893;x=4607895,75:y=5809449,75;10800;11181;2543,357337;381;
cep27_carrier;1;cepVehicleType0;27_v0;5893;x=4607895,75:y=5809449,75;5909;x=4609785,75:y=5808163,25;11301;11301;0;0;
cep27_carrier;1;cepVehicleType0;27_v0;5909;x=4609785,75:y=5808163,25;4779;x=4602087,75:y=5810106,25;11421;13160;11596,70341;1739;
cep27_carrier;1;cepVehicleType0;27_v0;4779;x=4602087,75:y=5810106,25;4783;x=4601693,75:y=5810451,5;13280;13280;0;0;
cep27_carrier;1;cepVehicleType0;27_v0;4783;x=4601693,75:y=5810451,5;7066;x=4605395,25:y=5813977,25;13400;14436;6908,718098;1036;
cep27_carrier;1;cepVehicleType0;27_v0;7066;x=4605395,25:y=5813977,25;5987;x=4606951,0:y=5813522,0;14556;14671;768,3282643;115;
cep27_carrier;1;cepVehicleType0;27_v0;5987;x=4606951,0:y=5813522,0;6501;x=4611515,5:y=5814920,5;14791;15549;5056,500175;758;
cep27_carrier;1;cepVehicleType0;27_v0;6501;x=4611515,5:y=5814920,5;6076;x=4610564,25:y=5814428,25;15669;15872;1358;203;
cep27_carrier;1;cepVehicleType0;27_v0;6076;x=4610564,25:y=5814428,25;5978;x=4606814,0:y=5813378,5;15992;16721;4862,725096;729;
cep27_carrier;1;cepVehicleType0;27_v0;5978;x=4606814,0:y=5813378,5;5974;x=4607023,0:y=5812267,5;16841;16905;430,3870351;64;
cep12_carrier;1;cepVehicleType0;12_v0;4313;x=4591092,75:y=5828807,0;4285;x=4592158,0:y=5826302,5;10800;11165;2438,238209;365;
cep12_carrier;1;cepVehicleType0;12_v0;4285;x=4592158,0:y=5826302,5;4315;x=4592453,0:y=5825578,5;11285;11503;1456,996433;218;
cep12_carrier;1;cepVehicleType0;12_v0;4315;x=4592453,0:y=5825578,5;4329;x=4592496,5:y=5826875,75;11623;11750;848,8519868;127;
cep12_carrier;1;cepVehicleType0;12_v0;4329;x=4592496,5:y=5826875,75;4341;x=4592303,0:y=5827822,0;11870;11986;778,8629552;116;
cep12_carrier;1;cepVehicleType0;12_v0;4341;x=4592303,0:y=5827822,0;4345;x=4592251,5:y=5827621,0;12106;12106;0;0;
cep12_carrier;1;cepVehicleType0;12_v0;4345;x=4592251,5:y=5827621,0;4396;x=4593338,0:y=5828525,5;12226;12535;2066,412398;309;
cep12_carrier;1;cepVehicleType0;12_v0;4396;x=4593338,0:y=5828525,5;4671;x=4592299,5:y=5831618,0;12655;13425;5138,053678;770;
cep12_carrier;1;cepVehicleType0;12_v0;4671;x=4592299,5:y=5831618,0;4633;x=4591812,5:y=5830148,5;13545;13779;1561,720686;234;
cep12_carrier;1;cepVehicleType0;12_v0;4633;x=4591812,5:y=5830148,5;2377;x=4591245,5:y=5830738,5;13899;14077;1187;178;
cep12_carrier;1;cepVehicleType0;12_v0;2377;x=4591245,5:y=5830738,5;4635;x=4591454,5:y=5831190,25;14197;14197;0;0;
cep12_carrier;1;cepVehicleType0;12_v0;4635;x=4591454,5:y=5831190,25;2383;x=4590919,5:y=5830281,5;14317;14495;1191;178;
cep12_carrier;1;cepVehicleType0;12_v0;2383;x=4590919,5:y=5830281,5;4313;x=4591092,75:y=5828807,0;14615;14818;1358;203;
